{
  "project_info": {
    "project_number": "457250360015",
    "project_id": "newsapi-36718",
    "storage_bucket": "newsapi-36718.appspot.com"
  },
  "client": [
    {
      "client_info": {
        "mobilesdk_app_id": "1:457250360015:android:1483406284c45bfff3c5ba",
        "android_client_info": {
          "package_name": "com.example.flutterapp"
        }
      },
      "oauth_client": [
        {
          "client_id": "457250360015-mpucfh4h5qfb1uacqdaa98onpagnie60.apps.googleusercontent.com",
          "client_type": 3
        }
      ],
      "api_key": [
        {
          "current_key": "AIzaSyCfUbxeX-Ix1ZLsAyazQkUiIlwlcq37xuY"
        }
      ],
      "services": {
        "appinvite_service": {
          "other_platform_oauth_client": [
            {
              "client_id": "457250360015-mpucfh4h5qfb1uacqdaa98onpagnie60.apps.googleusercontent.com",
              "client_type": 3
            }
          ]
        }
      }
    }
  ],
  "configuration_version": "1"
}